Workbook

Sheet NDA一覧
A1: 企業名 | B1: 締結日 | C1: 有効期限 | D1: 自動更新 | E1: 状態 | F1: 残日数 | G1: 種別 | H1: 目的・案件名 | I1: 自社担当 | J1: 先方窓口 | K1: 原本の保管先 | L1: 備考
A2: 株式会社あおば商事 | B2: 45757 | C2: 46486 | E2: =IF($A2="","",IF($D2="○","自動更新",IF($C2="","期限未設定",IF($C2<TODAY(),"期限切れ",IF($C2-TODAY()<=集計!$B$3,"期限間近","有効"))))) -> 有効 | F2: =IF(OR($A2="",$C2=""),"",IF(AND($D2="○",$C2<TODAY()),"",$C2-TODAY())) -> 220 | G2: 相互 | H2: 共同キャンペーンの検討 | I2: 営業部 山田 | J2: 経営企画室 佐藤様 | K2: 共有ドライブ > 法務 > NDA | L2: （記入例）この行は消してお使いください
A3: みなとテクノロジー株式会社 | B3: 46044 | D3: ○ | E3: =IF($A3="","",IF($D3="○","自動更新",IF($C3="","期限未設定",IF($C3<TODAY(),"期限切れ",IF($C3-TODAY()<=集計!$B$3,"期限間近","有効"))))) -> 自動更新 | F3: =IF(OR($A3="",$C3=""),"",IF(AND($D3="○",$C3<TODAY()),"",$C3-TODAY())) | G3: 当社開示 | H3: 受発注システムの改修 | I3: 情報システム部 鈴木 | J3: 開発部 井上様 | K3: 法務キャビネット B-3 | L3: （記入例）自動更新の契約は有効期限を空欄に
E4: =IF($A4="","",IF($D4="○","自動更新",IF($C4="","期限未設定",IF($C4<TODAY(),"期限切れ",IF($C4-TODAY()<=集計!$B$3,"期限間近","有効"))))) | F4: =IF(OR($A4="",$C4=""),"",IF(AND($D4="○",$C4<TODAY()),"",$C4-TODAY()))
E5: =IF($A5="","",IF($D5="○","自動更新",IF($C5="","期限未設定",IF($C5<TODAY(),"期限切れ",IF($C5-TODAY()<=集計!$B$3,"期限間近","有効"))))) | F5: =IF(OR($A5="",$C5=""),"",IF(AND($D5="○",$C5<TODAY()),"",$C5-TODAY()))
E6: =IF($A6="","",IF($D6="○","自動更新",IF($C6="","期限未設定",IF($C6<TODAY(),"期限切れ",IF($C6-TODAY()<=集計!$B$3,"期限間近","有効"))))) | F6: =IF(OR($A6="",$C6=""),"",IF(AND($D6="○",$C6<TODAY()),"",$C6-TODAY()))
E7: =IF($A7="","",IF($D7="○","自動更新",IF($C7="","期限未設定",IF($C7<TODAY(),"期限切れ",IF($C7-TODAY()<=集計!$B$3,"期限間近","有効"))))) | F7: =IF(OR($A7="",$C7=""),"",IF(AND($D7="○",$C7<TODAY()),"",$C7-TODAY()))
E8: =IF($A8="","",IF($D8="○","自動更新",IF($C8="","期限未設定",IF($C8<TODAY(),"期限切れ",IF($C8-TODAY()<=集計!$B$3,"期限間近","有効"))))) | F8: =IF(OR($A8="",$C8=""),"",IF(AND($D8="○",$C8<TODAY()),"",$C8-TODAY()))
E9: =IF($A9="","",IF($D9="○","自動更新",IF($C9="","期限未設定",IF($C9<TODAY(),"期限切れ",IF($C9-TODAY()<=集計!$B$3,"期限間近","有効"))))) | F9: =IF(OR($A9="",$C9=""),"",IF(AND($D9="○",$C9<TODAY()),"",$C9-TODAY()))
E10: =IF($A10="","",IF($D10="○","自動更新",IF($C10="","期限未設定",IF($C10<TODAY(),"期限切れ",IF($C10-TODAY()<=集計!$B$3,"期限間近","有効"))))) | F10: =IF(OR($A10="",$C10=""),"",IF(AND($D10="○",$C10<TODAY()),"",$C10-TODAY()))
E11: =IF($A11="","",IF($D11="○","自動更新",IF($C11="","期限未設定",IF($C11<TODAY(),"期限切れ",IF($C11-TODAY()<=集計!$B$3,"期限間近","有効"))))) | F11: =IF(OR($A11="",$C11=""),"",IF(AND($D11="○",$C11<TODAY()),"",$C11-TODAY()))
E12: =IF($A12="","",IF($D12="○","自動更新",IF($C12="","期限未設定",IF($C12<TODAY(),"期限切れ",IF($C12-TODAY()<=集計!$B$3,"期限間近","有効"))))) | F12: =IF(OR($A12="",$C12=""),"",IF(AND($D12="○",$C12<TODAY()),"",$C12-TODAY()))
E13: =IF($A13="","",IF($D13="○","自動更新",IF($C13="","期限未設定",IF($C13<TODAY(),"期限切れ",IF($C13-TODAY()<=集計!$B$3,"期限間近","有効"))))) | F13: =IF(OR($A13="",$C13=""),"",IF(AND($D13="○",$C13<TODAY()),"",$C13-TODAY()))
E14: =IF($A14="","",IF($D14="○","自動更新",IF($C14="","期限未設定",IF($C14<TODAY(),"期限切れ",IF($C14-TODAY()<=集計!$B$3,"期限間近","有効"))))) | F14: =IF(OR($A14="",$C14=""),"",IF(AND($D14="○",$C14<TODAY()),"",$C14-TODAY()))
E15: =IF($A15="","",IF($D15="○","自動更新",IF($C15="","期限未設定",IF($C15<TODAY(),"期限切れ",IF($C15-TODAY()<=集計!$B$3,"期限間近","有効"))))) | F15: =IF(OR($A15="",$C15=""),"",IF(AND($D15="○",$C15<TODAY()),"",$C15-TODAY()))
... E151: =IF($A151="","",IF($D151="○","自動更新",IF($C151="","期限未設定",IF($C151<TODAY(),"期限切れ",IF($C151-TODAY()<=集計!$B$3,"期限間近","有効"))))) | F151: =IF(OR($A151="",$C151=""),"",IF(AND($D151="○",$C151<TODAY()),"",$C151-TODAY()))

Sheet 集計
A1: NDA 集計
A2: ※ 数値はすべて「NDA一覧」から自動集計しています。黄色いセルだけ書き換えてください。
A3: 「期限間近」とみなす残日数 | B3: 90 | C3: この日数以内に有効期限が来る契約を「期限間近」にします（既定 90日）
A5: 件数
A6: 登録件数 | B6: =COUNTA(NDA一覧!$A$2:$A$151) -> 2 | C6: 「NDA一覧」の企業名が入っている行数
A7: 取引先（社数） | B7: =IF(COUNTA(NDA一覧!$A$2:$A$151)=0,0,SUMPRODUCT((NDA一覧!$A$2:$A$151<>"")/COUNTIF(NDA一覧!$A$2:$A$151,NDA一覧!$A$2:$A$151&""))) -> 2 | C7: 企業名の重複を除いた数
A8: 今年の締結件数 | B8: =SUMPRODUCT((YEAR(NDA一覧!$B$2:$B$151)=YEAR(TODAY()))*(NDA一覧!$A$2:$A$151<>"")) -> 1 | C8: 締結日が今年の契約
A9: 状態別
A10: 有効 | B10: =COUNTIF(NDA一覧!$E$2:$E$151,"有効") -> 1 | C10: 期限まで余裕がある契約
A11: 期限間近 | B11: =COUNTIF(NDA一覧!$E$2:$E$151,"期限間近") -> 0 | C11: 更新・再締結の検討が必要
A12: 期限切れ | B12: =COUNTIF(NDA一覧!$E$2:$E$151,"期限切れ") -> 0 | C12: 継続取引があるなら再締結が必要
A13: 自動更新 | B13: =COUNTIF(NDA一覧!$E$2:$E$151,"自動更新") -> 1 | C13: 解約の申し出がなければ継続
A14: 期限未設定 | B14: =COUNTIF(NDA一覧!$E$2:$E$151,"期限未設定") -> 0 | C14: 有効期限の記入漏れがないか確認
A15: 種別別
A16: 相互 | B16: =COUNTIF(NDA一覧!$G$2:$G$151,"相互") -> 1
A17: 当社開示 | B17: =COUNTIF(NDA一覧!$G$2:$G$151,"当社開示") -> 1
A18: 先方開示 | B18: =COUNTIF(NDA一覧!$G$2:$G$151,"先方開示") -> 0
A20: 次にやること
A21: 「NDA一覧」の「状態」列のフィルタで「期限間近」「期限切れ」を選ぶと、対応が必要な契約だけを一覧できます。

Sheet 使い方
A1: NDA管理シート — 使い方
A2: 秘密保持契約（NDA）の企業名・締結日・有効期限を1枚で管理します。
A4: はじめに | B4: 「NDA一覧」の2行目・3行目は記入例です。行ごと削除してからお使いください。
A5: 入力する列 | B5: A 企業名 ／ B 締結日 ／ C 有効期限 ／ D 自動更新 ／ G 種別 ／ H 目的・案件名 ／ I 自社担当 ／ J 先方窓口 ／ K 原本の保管先 ／ L 備考
A6: 触らない列 | B6: E 状態 と F 残日数 は数式です。書き換えると自動判定が止まります（151行目まで数式を入れてあります）。
A7: 必須 | B7: A 企業名 と B 締結日。この2つが入っていれば集計と状態判定が動きます。
A8: 日付の入れ方 | B8: 2026/4/1 のように入力します。C 有効期限は、自動更新や期限の定めがない契約では空欄で構いません。
A9: 自動更新 | B9: D列で「○」を選ぶと状態は常に「自動更新」になります（期限切れの警告を出しません）。
A10: 状態の意味 | B10: 有効＝期限まで余裕あり ／ 期限間近＝集計シートB3で決めた日数以内（既定90日・オレンジ） ／ 期限切れ＝赤 ／ 自動更新＝青 ／ 期限未設定＝有効期限が空欄
A11: 色 | B11: 行の色は状態から自動でつきます。塗りつぶしを手で変える必要はありません。
A12: 並べ替え・絞り込み | B12: 1行目の▼（フィルタ）から。期限が近い順に見るときは C 有効期限 で昇順、直近の締結を見るときは B 締結日 で降順。
A13: 行を増やすには | B13: 151行目より下に足すときは、151行目をコピーして貼り付けると E・F の数式と書式がそのまま入ります。集計シートの参照範囲も広げてください。
A14: 印刷 | B14: 「NDA一覧」は横向き・幅1ページ・見出し行の繰り返しを設定済みです。空行まで印刷されるので、フィルタで必要な行に絞ってから印刷するときれいに収まります。
A15: Webアプリと共通 | B15: 同じ項目のWeb版（このリポジトリの nda/）があります。Excelを「CSV UTF-8」で保存すると、そのままWeb版に読み込めます。
A16: 運用のコツ | B16: 月に一度、集計シートの「期限間近」「期限切れ」の件数を見て、更新・再締結の要否を確認してください。
A18: 凡例
A19: 入力するセル | B19: 白い背景のセル
A20: 設定するセル | B20: 黄色いセル（集計シート B3 の日数）
A21: 期限切れの行 | B21: 赤い背景
A22: 期限間近の行 | B22: オレンジの背景
A23: 自動更新の行 | B23: 青い背景
